Skills,s
Active Listening,
Communication,
Conflict Resolution,
Creativity,
Critical Thinking,
Customer Service,
Decision Making,
Interpersonal,
Management Skills,
Leadership,
Public Speaking,
Problem-solving,
Teamwork,
Data Entry,
Answering Phones,
Billing,
Scheduling,
MS Office,
Office Equipment,
QuickBooks,
Shipping,
Welcoming Visitors,
Salesforce,
Calendar Management,
Product Knowledge,
Lead Qualification,
Lead Prospecting,
Customer Needs Analysis,
Referral Marketing,
Contract Negotiation,
Self Motivation,
Increasing Customer Lifetime Value (CLV),
Reducing Customer Acquisition Cost (CAC),
CRM Software,
POS Skills,
Cashier Skills,
Patient Assessment,
Taking Vital Signs,
Patient Care,
Recording Patient Medical History,
Wound Dressing and Care,
Urgent and Emergency Care,
Record-Keeping,
Patient Education,
NIH Stroke Scale Patient Assessment,
Electronic Medical Record (EMR),
Medicine Administration,
Blood Pressure Monitoring,
Phlebotomy,
Rehabilitation Therapy,
Hygiene Assistance,
Use of X-Ray MRI CAT Scans,
Meditech,
Glucose Checks,
Electronic Heart Record (EHR),
Programming Languages, 
Web Development,
Data Structures,
Open Source Experience,
CodingJava Script,
Security,
Machine Learning,
Debugging,
UX/UI,
Front-End & Back-End Development,
Cloud Management,
Agile Development,
STEM Skills,
CAD,
Design,
Prototyping,
Testing,
Troubleshooting,
Project Launch,
Lean Manufacturing,
Workflow Development,
Computer Skills,
SolidWorks,
Budgeting,
Technical Report Writing,
SEO/SEM,
PPC,
CRO,
A/B Testing,
Social Media Marketing and Paid Social Media Advertising,
Sales Funnel Management,
CMS Tools,
Graphic Design Skills,
Email Marketing,
Email Automation,
Data Visualization,
CPC,
Typography,
Print Design,
Photography and Branding,
Agile,
Managing Cross-Functional Teams,
Scrum,
Performance Tracking,
Financial Modelling,
Ideation Leadership,
Feature Definition,
Forecasting,
Profit and Loss,
Scope Management,
Project Lifecycle Management,
Meeting Facilitation,
Public speaking,
PowerPoint,
Keynote,
Shooting,
framing,
Photoshop,
Illustrator, 
InDesign, 
Acrobat, 
Free Hand, 
Corel Draw,
HTML, 
CSS, 
Javascript, 
WordPress,
Content Management Systems,
writing,
editing,
compressing,
uploading,
creating engagement,
C#,
SQL,
Java,
C++,
JavaScript, 
XML, 
Perl, 
Python, 
PHP, 
Objective-C, 
AJAX, 
ASP.NET, 
Ruby,
Angular,
Tableau,
NodeJs,
Bootstrap,
Blockchain,
Artificial Intelligence,
Machine Learning,
Deep Laerning,
MS Office,
ExpressJs,
MongoDB,
Firebase,
C++,
Swift,
